{
    "total_holders": 71,
    "total_kit": 325321.2870287319,
    "ratio_per_kit": 0.005176421178523346
}