{
    "total_holders": 74,
    "total_kit": 345140.3564919699,
    "ratio_per_kit": 0.006721903006593138
}