{"total_holders":74,"total_kit":342819.2801097903,"ratio_per_kit":0.01464911774621214}