{
  "total_holders": 74,
  "total_kit": 342719.2801097903,
  "ratio_per_kit": 0.011017763572537722
}
